fecha,precio,precio_pronostico
20041114,66.377458,68.5710678472221
19970606,34.134746666666665,34.079457222222246
20090222,105.46331066666666,107.02440055753964
20070205,105.98706166666666,103.2664248611111
20140220,190.9644353333333,179.98488724277775
20171030,131.012042,150.04896459999992
20160321,764.2022583333334,818.999306397818
19980801,19.392401666666668,18.546312527777765
20070202,104.52318666666666,103.2664248611111
20190402,254.33297,232.85630287888853
20051011,86.69266499999999,97.56235052083338
20010205,80.88530566666667,79.7777218571427
20141027,178.115447,182.02243444725406
20170512,66.538607,65.36225226833324
20170716,66.19692833333333,67.88581658194441
20170423,103.32891333333332,102.68257169166664
20171005,128.51020866666667,116.93764243933347
20110222,98.945753,93.79094074389022
20130113,188.51463966666665,181.65430852711134
20061122,65.83554033333333,60.56957927976189
20000717,50.296665,44.86272450694443
19960406,2.089,2.626362469246031
20091216,266.2148363333333,240.89228199796995
20030519,68.64531866666667,66.51531336904758
20100720,69.71552766666666,75.40432249579365
19980621,18.268906666666663,18.032833055555578
20040323,79.70091466666666,73.58785997916664
20000502,44.041349,39.380863687499975
20020118,38.04560966666667,39.58090557291667
20040922,64.23410333333334,57.67805969444444
20120227,132.79296666666667,133.70855873428576
20121130,191.137437,175.12485310600013
19970624,46.67058,40.499946020833306
20050323,70.41113,68.92712875
20151023,800.2812359999999,793.3895378933332
20150712,204.83569566666668,221.87517477950803
20160411,350.4070716666667,308.44997247488885
20050528,69.41874033333333,72.71793199999995
20030813,67.29967666666667,63.354896111111096
19951226,21.59083333333333,19.438879158730167
20010318,58.88499133333334,76.43821803571437
20170409,136.23957366666667,105.64640834144447
20160302,853.5282703333334,863.3447674166674
20030710,70.30609399999999,70.00629913095241
20100202,133.406382,131.1529883528334
20190109,323.299968,345.69644401837286
20080213,116.264038,121.08012800000004
20191129,269.818587,244.6333472742221
19961102,2.837916666666666,1.9725515138888874
20170914,133.75898766666668,126.60762634215739
20071107,65.52571333333333,63.410596678240765
19980201,129.71809333333331,136.10236173214287
20190908,181.09887933333331,202.22067864972215
20111014,71.94981566666667,84.85406094621692
20010527,39.940792,41.27147275000004
20201214,171.78833333333333,152.5841750595238
20030215,68.63418800000001,68.91045373412699
20070917,63.99897166666667,65.92632669841271
20151218,588.0535456666668,554.9196991863572
20100818,85.670929,76.27569298019841
20030311,74.44727666666667,77.09110512499993
20100209,172.68358866666668,145.00696260723032
20080925,103.32494866666669,91.28029108333334
20060530,58.810706333333336,46.807572555555545
20040606,52.17797633333333,54.829734517857126
20040612,57.66547633333334,52.83242668055548
19980430,33.59741,33.81513659771824
19960710,1.4295,1.2921847182539665
20100214,173.58301500000002,162.689330476131
20081023,101.97146733333334,94.45261733333331
20090110,132.72206433333335,134.24690109920627
19951230,20.792166666666667,22.68994584970239
20111123,69.62602933333334,64.67189890783337
20100919,95.96046933333332,114.97700268844451
20110620,60.731169,55.038548343333325
20161201,148.459459,118.59743144611126
19990605,27.025420000000008,31.09177644444445
20091201,193.843753,177.22331546296292
19991215,31.94745333333334,34.008109999999995
20210207,258.12666666666667,282.5107539682537
20130218,167.92232433333334,164.5547001218334
19980518,29.24016,27.07173114384919
20001121,66.08087,37.81362571249999
20030110,67.37848433333333,65.97287494841271
19960325,1.6679166666666667,1.8112186666666679
20020625,36.74732466666666,35.134581937499995
20170513,64.67114233333334,65.36225226833324
20121015,207.75046366666663,214.81748454044438
20090303,122.967387,110.87786480555556
20201014,191.3166666666667,186.89482781084646
20061029,92.13075533333334,100.92612193055564
20080224,84.01070466666667,92.45176116666674
20140830,155.17201266666666,218.16154608957552
20110617,74.361085,70.65013540916665
20180128,115.49675333333334,119.16615489950782
20170326,78.518231,107.04213977000012
20000221,51.71863199999999,40.341497768849194
19981024,26.070986666666663,24.250267152777766
20070506,78.83624066666665,78.03021898611114
20080920,83.829907,84.25531867111114
20040624,48.632143000000006,50.635115500000005
20100611,89.849769,74.79398228722225
20110207,113.141563,111.04064707466685
20191216,355.1795153333333,330.308610512524
20201001,154.665,145.57923229166667
20000527,37.966515666666666,36.92785525000003
20020704,37.175783333333335,38.75090833333341
19960503,1.94325,1.721157873015874
20170425,104.53137033333331,102.68257169166664
20130312,152.76402533333334,155.70157067155552
20071031,45.22460366666667,55.28325644444439
20180123,115.387584,114.05556387825396
19960511,1.1875,1.7555432083333324
20050620,58.055011666666665,60.266978333333334
19960216,6.737041666666666,6.237627673611112
20000613,43.95720833333333,38.803682496527756
20080615,68.95449,79.65033955952376
20210127,234.4633333333333,234.8118912500001
20031009,54.982322,57.196829638888886
20081231,174.467675,175.86640259920648
20030715,71.49776066666666,71.84277649999986
20181006,104.98456133333332,136.50005996319445
20160327,792.4743536666666,805.9272980606676
20190425,151.36097566666666,160.74814836972212
20130709,340.7683413333333,269.7300669357857
20201117,139.21208333333334,124.39264798611104
20030703,66.51817733333333,65.42931191666666
20040205,61.51762466666667,61.564717166666725
20070426,80.692261,87.15920125000002
20030730,69.77276066666667,68.28276566765874
19971102,76.393325,101.03858150951382
20020504,37.208547,37.159018084325396
19990306,22.234863333333333,23.487143090277772
20170710,74.43969566666665,66.61757135081346
20110506,64.349036,63.62263352599998
19961009,4.328083333333333,6.267964972222221
20120602,39.503953,43.223081455127016
20030913,53.455361333333336,64.49459250595243
19990607,26.783753333333337,28.08585827777777
20160929,175.55231766666668,133.4656159040832
20200126,369.02,380.8066379960317
20180616,72.04524866666667,72.4946071465556
20190127,240.353099,298.78856737016685
20020428,34.49689033333333,40.09809971230159
20030410,86.47859899999999,84.1027132261905
20090212,132.891644,132.8736319999999
20210205,250.3358333333333,273.1160583333335
20130426,163.17395066666666,149.2311723957778
20070926,80.14667999999999,71.91892839236111
20150720,156.17327066666667,194.89416489177762
19960618,2.3354166666666667,1.676446041666668
20141116,124.268975,157.54400046666652
20000829,56.443766333333336,45.97793869444442
19981205,22.237816666666664,26.50684504166666
20130316,122.027725,141.94068530166672
19950905,12.104166666666666,7.112326392857143
20031022,53.87573866666667,52.298015020833326
20020128,54.701443000000005,43.701341735119
20060417,44.87342233333333,43.93950725000001
20081215,95.35517500000002,102.66089768749998
20041007,77.46512333333332,70.63175091269837
20010926,43.186952,44.84873213888887
20090731,131.58298366666668,139.56159151388883
20080327,98.679905,98.93968662896826
20190715,129.37430533333333,124.9968043905556
20100629,107.88720966666666,91.12235390883333
20101207,50.30662433333333,48.05953949514289
20080416,100.89762433333334,105.19899177458339
20031007,59.66148866666666,57.196829638888886
20200723,173.05583333333334,178.56660875
19960920,24.791666666666668,23.267435345238095
20190314,239.0810163333333,271.3125581655558
20020921,47.867130333333336,47.34461668253971
20140427,459.41724099999993,454.29114190777796
19980804,20.125943333333336,19.609343083333332
20140522,369.2434253333333,341.6449773472036
20150306,218.27261866666663,210.55550946259132
20150311,209.1387576666667,224.34959933438896
20041012,70.29304,73.80384813888887
20041207,68.38540566666667,68.10854611111112
20111221,50.56140466666667,51.56446097944444
19991108,32.118790000000004,31.892977499999994
19971112,175.6647,165.6170802083334
20030427,75.39526566666666,75.44671345833326
20030418,78.35609899999999,77.62090010780422
19950915,11.476833333333332,9.547297500000003
20190814,213.585803,161.93056358624605
20130810,189.606083,175.83460734206355
20070721,86.94318166666666,82.71656777777778
20081118,114.249377,99.0592680324074
20001116,60.12253666666667,41.364719616666655
20170327,76.68126199999999,91.52869066388885
20041213,67.231239,69.28507188888887
20190515,149.56783399999998,137.3465389561111
20120209,45.46569933333333,45.89983645022219
20090831,128.63784866666666,129.10235733555544
20040417,69.05300466666667,74.34750969444445
20141123,163.475022,165.55501541666686
19970809,35.74116333333333,35.84072847222226
20051023,85.930415,90.4559825138889
20050729,72.91903266666667,75.16757606944448
20021213,67.813991,66.48860092063492
20020202,50.19875833333333,50.09281749999998
20030604,58.66478,56.2493311805556
20030224,73.080438,70.22513258333338
20160501,151.7735923333333,149.1285849151665
19970329,21.18402333333333,20.16904479166664
19951005,15.220833333333331,12.769505895833332
20201201,130.91333333333333,119.10110124999991
19990110,25.071616666666667,26.615901111111114
20000520,34.76205733333333,37.61767747222217
20120925,224.02290666666667,206.05243133990083
20041111,62.74854133333333,68.41944536111102
20021109,47.906070666666665,51.06680047916665
20041228,68.168739,69.18202183730155
20030527,53.14156866666667,55.392277625000006
20120203,46.305021,48.75303138014289
20050705,63.19507433333334,62.26348752777777
20130301,153.19752566666668,158.7468117276269
20120411,41.977069666666665,53.03366792899996
20020204,55.38788333333334,52.74268750000001
20120529,49.55989666666667,42.99474119233333
20160904,155.56746766666666,186.65764618166676
20181119,99.87249766666667,103.5088215122222
20010219,93.02943066666668,97.56041020039687
20201017,207.1733333333333,189.1002093650794
20080827,73.19807733333333,75.8941217500002
20101226,66.502515,68.50126166566666
20010322,51.37082466666666,59.53104059722221
20070121,92.62965133333334,90.96086243055555
20190510,247.43553466666663,275.9721388581983
20130824,131.73533899999998,127.6072090844445
20010715,38.506686,38.31906654067458
20180306,177.889282,170.85237334925395
19960521,1.795375,1.2992921944444453
20021017,58.99632033333333,63.92918344444443
20111113,59.36884499999999,79.06295438333335
19970603,34.73224666666667,34.28492875000002
19970602,24.20058,29.99512500000001
20100313,181.6202473333333,188.21139846694447
19971226,113.5565,114.26252947718258
19980806,20.90761,19.540401833333334
20000428,38.265663,48.31650027777774
20090309,103.32155366666666,108.62513254861109
20060519,52.133623,48.15029827777776
20120830,148.2540556666667,150.34026456504768
20020630,34.055658,34.79127322817456
20200103,232.10458333333332,229.33789166666676
20020116,40.899776333333335,39.33908543402779
20060325,51.198286333333336,52.86754813888891
19991230,33.84328666666667,33.410075668130155
19991114,30.743790000000004,31.707806002976184
20180807,72.19403533333333,100.36842141611115
20141111,179.02610733333333,167.89062465519046
19960111,38.95316666666667,36.590532499999945
19970503,31.08263833333333,28.66531975595238
20080402,92.215541,91.59357724999997
20030827,70.53467666666667,68.9740394444443
20030910,78.311028,72.96464583829358
20110102,60.11252666666667,72.9004560057936
20021027,65.30702866666667,62.24346652380952
19990812,31.4098,31.274647375
19951224,23.20745833333333,24.09550328373016
20120910,156.56246433333334,154.5508496987539
20201118,159.58916666666667,121.93005986111103
19960316,1.5618333333333334,1.9552492708333327
20010105,55.01925566666667,58.60551726388888
20070412,93.04367766666668,92.79284916666661
20130907,120.11854933333332,115.8797634241668
20040421,70.253713,70.14605705555559
20060919,108.16313466666666,99.8151589722223
20130129,164.85034566666664,188.6541312344446
20170916,116.79507366666668,115.22350916816664
20090723,125.28002533333334,125.05006550000007
20030722,71.64276066666666,72.13559673809533
20080829,75.83341066666667,75.8941217500002
20150827,172.815065,153.76765604711107
19980218,157.254885,155.09410138888896
20140727,161.08416366666668,286.8014624504287
20031101,60.20065966666667,58.69707611458337
20140505,389.27057966666666,426.7358906883335
20011226,31.37495233333333,32.442558965277776
19980304,100.50214333333334,97.06505520833326
20041026,67.52083166666667,70.84247279629625
20040816,51.00155966666666,52.40221434027779
19990508,23.59641,24.460315000000033
20180121,94.12136,119.27276423711109
19970816,42.78808,36.66866364880956
19980227,104.66730166666667,98.53820798611109
19971130,112.32136666666668,128.7552399444445
20050615,59.84251166666667,57.03017341666669
20010625,39.91781966666667,37.63925820833331
20050320,69.76946333333333,70.55521333333334
19990507,25.146410000000003,24.460315000000033
19970330,19.10064833333333,21.195513958333304
20151211,655.837221,589.2693853829759
20110701,41.74262466666666,41.461813562972274
20040504,71.42806433333334,69.56797974999992
20200207,389.1616666666667,380.99022361111116
20011118,34.64729466666667,37.99536943915342
20110714,70.67209533333333,61.04261237233331
20050730,74.37565766666667,75.08615273611115
20100906,113.97741633333334,99.92105531577778
19950730,0.6694583333333334,0.7783270749007934
20000109,32.284788,33.51212133333328
20060610,42.29511133333333,45.54078102579364
19961111,23.767958333333336,25.260025041666655
20040926,63.36743666666666,66.37102155555559
20040620,41.936309666666666,42.62715698809525
20070127,100.95310966666666,100.91951692857145
20020611,36.486908,36.38225886111106
20120316,137.98712366666666,133.4388735419446
20000503,39.35401566666666,41.718306937499946
20050803,72.36907566666666,75.12401827083329
20021207,67.57232433333333,68.36926391666668
20140701,188.577889,157.93030322899978
19991107,30.181290000000004,31.892977499999994
20061011,166.08096366666666,165.80734353869056
20020528,36.396047,33.54689533333331
20080503,116.153385,96.77025734027796
19970619,35.52153833333333,31.944465944444463
20201027,264.4420833333333,224.56738333333328
19971012,124.64773666666666,154.32344816666676
19990917,32.53288,32.69360682142857
20050524,68.02244866666666,67.12460717857148
20090108,133.41164766666668,135.00352130555547
20110507,59.05429566666667,62.911129183888846
20161215,125.20450566666666,129.30121710199998
20020524,32.083547,34.73791977777774
19970413,20.073645000000003,23.806035680555546
20100310,190.6517723333333,209.75333493711088
20000707,38.609165,43.91818406944442
20061213,65.09438666666667,60.72515479861107
20080502,112.37676,96.69265326388911
20160605,120.352463,155.41764395727003
20040808,54.701518,57.10867668055558
20180419,127.012295,100.47885799422218
20190519,138.06459633333333,143.98372121666677
20120409,52.16983533333334,44.95311879615078
20080716,60.92174433333333,59.64892539583339
20050325,67.56529666666667,68.92712875
20030829,62.99284333333333,68.9740394444443
19991112,31.570665000000005,31.707614083333333
20060211,69.66463333333333,74.13094055555541
20080906,53.30486533333334,52.71481752579364
20030510,80.69156866666667,77.90720780555553
20170119,106.28848899999998,105.29870971900003
20021106,50.77457066666667,50.63013012301589
20190516,163.414457,137.3465389561111
20010804,35.01729566666667,40.25548614285717
20130714,200.37467733333332,274.75258090465087
20111205,57.29029966666667,52.19803307455558
20090227,118.565394,115.92363990277777
19970211,28.414591666666663,27.69357855555553
20030106,63.97098433333333,64.13783214087293
20090528,140.72268499999998,142.43771411706336
20200520,365.2833333333333,387.71089583333304
19970510,43.66909666666666,40.1283130357143
20200422,259.81666666666666,247.59247636904746
19990826,33.796216666666666,33.156382341269854
19980727,20.09208,20.106948520833328
19960910,12.557958333333334,6.306746527777777
20010214,96.82693066666668,81.63591455555556
20140502,447.597917,415.68930264166636
20131224,152.96975700000002,131.50091186734178
20061125,72.91274866666667,69.83161279365078
20070630,63.856078333333336,80.44105889781743
20080111,90.43472733333334,96.75015842460317
20190328,226.56132333333332,225.78474641333344
20120824,130.11943166666666,127.97343723653958
20010208,78.56859733333333,82.22609794047622
20070524,80.83236566666666,69.59237888194448
20200210,362.81,380.0386947222221
20191220,320.0899816666667,345.05250487372234
20121021,186.0977283333333,191.69864849333334
20021024,65.51798699999999,65.0808022777777
20091220,205.91533633333333,244.84424963839544
19981014,21.16682,21.564002852182533
20201024,275.75375,305.1225795833338
20060227,91.205925,92.32697875000007
19990606,25.908753333333337,30.10205319444443
20070522,75.56549066666666,75.30344121527776
19990325,25.134946666666668,21.06335229166664
20150416,152.57300066666667,149.99844513261104
20020831,45.12861166666666,44.92603391666668
20090903,125.46325866666666,128.6617873166666
20101212,40.07865666666667,61.01617619333334
19980620,19.53224,18.032833055555578
20110613,78.64042633333334,63.56693879330156
20030820,72.94217666666667,69.89353074603167
20110321,84.20790000000001,78.14035563483341
20080702,67.11007766666667,62.198686250000044
20070516,75.81911566666666,75.37845233333329
20170515,65.35733666666667,66.37167312166662
20180716,71.50964266666666,74.84232517188892
20100618,72.166227,80.38657563622228
19980206,183.99426000000005,142.01355978769834
19990305,21.79978,23.584249166666673
20160513,111.739356,123.06667141711105
19970327,20.925731666666668,20.16904479166664
20000205,34.595757,35.475075555555556
20081227,157.81884166666666,168.33305156746047
20051224,80.20105133333333,94.22436549999999
20130801,229.41322466666665,193.4837476296109
20181026,127.475544,139.28452559178183
20140407,318.529071,292.75119617333394
20091014,174.714623,184.20612655817456
19970904,111.6214,107.94126708333332
20050701,60.480491,61.10545627777779
20060408,57.985339,52.195297750000016
20040920,56.118395,56.59932067361111
20000304,41.61083366666667,35.025324499999975
20020219,54.51338333333334,54.53480298611115
20170529,69.185129,67.50852286361105
19990311,20.62648833333333,20.574710651785708
19990503,23.963035,26.523709999999998
20001007,45.680799,52.47035250694447
20090901,125.240967,135.02887064999993
19960405,2.0238333333333336,2.8404487500000015
20031208,41.99812533333333,43.73308004166669
20030507,76.887402,77.87255079166664
19950917,5.4210416666666665,9.547297500000003
20140409,334.409868,292.75119617333394
20031111,62.01315966666667,63.56092827777782
20171029,146.883607,162.4784616233333
20210429,165.20333333333335,176.51640639880952
20120105,58.074284,57.29315945283331
20071221,86.24502100000001,98.61808488888896
19961108,9.375,11.46780323908729
20101214,78.62623766666667,67.25140836944445
20140524,375.272592,376.5807738812038
19990128,20.656458333333333,23.623446416666656
20200303,468.85625,439.403234027778
19980701,18.74141333333333,19.55331097916667
20180312,204.132125,198.79692551666656
20161006,181.53068833333336,156.24421544025398
20121119,145.0707173333333,139.44521436250005
20000914,57.36527666666667,61.73833041666668
20131104,394.771177,314.26043135550026
20171212,85.20913466666666,84.16897871100399
20090829,140.76739033333334,127.11296066888897
20130928,152.44670766666667,151.91704641283343
20110610,65.938958,67.84167443438895
19991208,29.176620000000003,30.275724166666706
20000921,73.697485,71.25312124305565
20190525,117.78314733333332,129.50180652333356
19971013,115.94177833333332,154.32344816666676
20010319,56.14832466666667,74.3689238690477
20081119,90.34491866666669,100.48422265277783
20091227,125.30091966666669,127.71834962182542
20150429,134.33988633333334,142.92335439066667
19981218,21.758316666666666,24.039622851851842
20010312,82.52132466666667,70.51959386805547
20051030,71.09662333333334,74.24566208333333
20010204,61.68534733333333,79.7777218571427
20190105,359.6487783333334,370.14909268672216
20000524,34.61693233333333,32.91644144444444
20140208,201.7830393333333,197.7860004935237
20090202,127.88422733333331,122.89334089236114
19960702,1.24125,1.2995654861111117
20020212,56.69255,56.06428933333337
20110313,81.89162633333332,80.46496785188904
20021002,51.688403666666666,54.008620263888915
20090507,111.293935,98.60128110416662
20020616,35.36399133333333,35.74540727777778
20101102,120.18302633333332,119.74024652471435
20001023,52.79467400000001,50.64585038888887
19960105,26.916666666666668,21.432597117781164
20200629,224.3245833333333,231.6376129861112
20150616,213.07550833333332,196.30624130088884
19991017,30.07862,32.173341666666666
20180623,72.508205,86.54819458711101
19980106,130.93102869565217,120.95399481290107
20050312,66.28613,59.83445483333343
19960707,1.254125,1.3209308720238078
20050118,80.79766300000001,86.35225327777778
20160520,159.94891866666669,136.6798624196389
20020718,44.73849166666667,43.28821527083334
20000623,44.75716666666667,39.16591199404762
20151018,553.7906713333333,961.1023850289665
19951108,16.2835,14.464457291666676
20060925,119.30963466666668,101.06384845634915
20010519,44.90137533333333,44.25351519444445
20110609,72.03926566666667,66.88180624688894
20120315,139.176622,133.4388735419446
20100925,123.02751,136.89554985222227
20001231,57.012933,64.15888466666674
20000616,43.21333333333334,45.40921229173608
20030408,82.59943233333333,82.2880357777778
20201002,148.9975,145.57923229166667
20201007,158.14333333333337,163.50566194444465
20000227,33.799882,35.35031045238096
19960202,13.559,12.758744529987396
20100706,94.80598933333332,86.73847272781747
20171027,166.36420866666666,162.4784616233333
20140321,159.46937033333333,142.99696925227775
20190321,262.82217533333335,275.431288972476
20201109,214.26166666666663,216.40680208333342
20170830,138.54440333333335,125.37282681138888
20081210,72.363675,60.65547839980159
20020112,35.708109666666665,36.17673529166669
20030731,67.44776066666667,68.28276566765874
20101220,71.292911,64.22192891200002
20060128,77.86404633333333,74.00916716666664
20020126,40.020609666666665,47.781740440476185
20130622,145.84779466666666,138.56397096689938
20160809,153.93153633333333,130.0620773974603
19980505,28.38941,30.975959982142854
20020223,75.16838333333332,60.562024067460285
20171228,142.92285266666667,143.882185914111
20190722,129.94328399999998,115.08182788692058
19970908,92.29306666666668,87.3501148958334
20180425,127.778505,108.3626761555555
20010128,57.256589,80.32914480753972
19990920,32.64954666666667,31.739694999999955
19980325,89.11239333333333,91.06708782638883
20120417,59.277608333333326,52.98021187666663
19980329,83.90331,81.25228086805554
20161120,126.29974333333332,135.68817904166673
19980714,17.750246666666666,17.521748698412697
20011014,43.90339666666667,48.014067691468256
19960620,3.986583333333333,2.609899807539683
20170516,70.13128666666667,66.37167312166662
19990203,25.34427666666667,26.571902187500008
20050919,93.04810866666666,90.0179161369047
20060619,47.45736133333333,60.43763945833329
20000112,35.905621333333336,34.573138
20021006,54.452987,54.008620263888915
20040710,50.39763233333333,53.1149845555556
20040728,55.24346566666666,54.58359455555561
20100804,70.381748,67.38575899955552
19971217,148.82779166666668,130.001648843254
20090610,124.14293933333336,122.25627326686515
20140706,147.98939900000002,167.2661610367381
20130811,177.055017,167.6143625840001
20130111,186.31985866666665,181.65430852711134
20170203,112.87276633333332,101.46204338000005
20030810,58.95259333333333,59.32412904761904
20020105,31.27477633333333,30.097727308531727
20190416,213.2734473333333,190.44403684477777
20120331,69.63898633333334,81.6345159466666
20201112,181.09416666666667,202.58413937499998
20180514,66.93410399999999,68.39600918422221
20140731,368.9720256666667,325.9120937403338
19960508,3.662333333333333,2.4007155555555575
20150208,164.06618433333333,166.63116775749998
20190706,114.34152733333332,138.42985740192458
20090702,127.58798366666666,123.74455047222233
20120514,45.004425,44.6115655105794
20050616,58.34251166666667,57.03017341666669
20040607,54.72797633333334,58.55450390277778
20021110,47.662320666666666,50.95431907142854
20040310,73.63791466666666,75.5011469077381
20081106,76.38412699999999,77.66978061111111
20060827,63.48928,68.91198653819455
20010914,40.516368666666665,45.04498847619049
20070921,67.18122166666667,77.54936430555557
20141015,169.33327166666666,200.70215900888903
20121003,256.395515,250.45744410222233
20090315,116.342637,126.96702825000004
20100110,198.85393366666665,147.5356197889999
20090113,129.11081433333334,132.9674420714285
20050717,93.85715766666668,96.7540855833332
19960409,3.8815,2.8979281835317465
20170107,121.87264166666668,112.6521293933729
20100203,127.49713766666667,131.89489444477786
20000807,38.68339133333333,39.99673657341272
20070322,105.99242166666666,100.32109460416669
20170615,68.804865,67.98925652633335
20000917,51.13111,64.34799687500002
20060501,47.24183133333333,60.330152100529155
20130831,147.6402906666667,122.60709904849995
20041004,73.17962333333332,73.84333583333336
20100408,152.957487,155.5303185953333
20051126,45.094242,58.61502066567463
20180106,136.32859566666667,138.6132463463889
20150406,183.115959,181.93187961488886
19980108,136.98117,135.9747924734888
19990823,30.993133333333333,32.42579305555556
19960214,8.637083333333333,9.795138888888898
19980124,167.20458666666667,158.61667784722215
19970217,30.0173,20.870304333333333
20071228,73.23997933333332,70.92228176388896
20041105,72.93162466666666,71.6354644583333
20050525,68.74382366666667,67.12460717857148
20070201,100.83568666666666,103.2664248611111
20040515,85.73068933333333,88.75538629761898
19951120,31.122416666666663,22.597461291666683
20041212,64.84790566666668,69.28507188888887
20101217,78.72152200000001,81.84031832366665
20070409,89.51867766666668,89.39346761111108
20180326,167.22248466666665,147.36012700338887
20041003,67.90812333333332,73.84333583333336
19981206,21.06385833333333,26.50684504166666
19970304,25.456398333333336,22.02940569444446
20100614,71.34195466666667,74.26199862944448
20141213,189.01694466666663,179.61903138200003
20000306,35.10250033333333,34.65120773412695
20070111,94.19383661702128,95.45769592553192
20170930,106.200726,117.29917211351847
20030201,77.00127133333334,76.66513432440468
20150215,127.579839,135.1491113111429
19960127,14.386416666666667,13.716342159722217
20081029,90.220634,92.87541053571431
20210325,138.58666666666667,136.13759111111125
20121220,200.66475566666668,197.2756997283335
20040505,69.884856,69.56797974999992
20050518,67.41057366666666,64.47073076984127
20170910,126.369921,134.66108313052388
20171023,166.69831633333334,167.24525433711108
20010417,67.24017366666668,62.34945213888892
20060315,63.964953,64.69069216666665
20021117,54.476904,52.96937622222224
19980614,17.56849,18.7819357936508
20200530,400.97,430.8328603968257
20080924,94.895032,91.28029108333334
20200614,307.01375,381.3857486904761
19970402,28.97085333333333,31.833238369047645
20160829,222.60918833333332,255.66937832000008
20200824,146.2125,146.44013333333348
19960715,1.2545833333333334,1.2600378541666681
20070603,67.74128666666667,68.92166793154766
20190504,218.80028,210.52763189677756
20020908,45.287547,45.93032429166667
20000314,37.269167,34.975688974206314
19961012,1.9619166666666663,3.62690213888889
20121030,170.25381433333334,157.1854592871432
19960723,1.899333333333333,2.3384449999999988
19971111,149.10303333333334,165.6170802083334
20010326,59.09169966666667,57.45699076388887
19970829,76.51074666666666,51.22382058333337
20180524,74.158421,73.61705994055559
20191026,183.53684533333333,229.13260260003958
20000912,45.77802666666667,59.51775839285715
20110919,92.28426533333334,95.66075742833334
20030815,67.48134333333333,69.87139198412694
20090615,97.28918933333334,102.89965974999996
20080405,95.53220766666668,89.50541780555547
20050829,87.98220066666666,87.09821936706346
20100707,98.27183433333332,88.72407430809531
20000628,39.89691666666667,35.53660593750001
20121027,134.17599033333332,157.1854592871432
20180525,74.87369166666666,73.61705994055559
19971014,165.01698666666667,157.09869077777793
20140927,200.704283,196.2062686344207
20080627,69.54482333333334,48.237532609126994
20210103,137.785,160.84727361111126
20021225,61.531491,62.236447875000025
20090821,133.329807,117.91893885444436
19990831,33.6598,33.77645873015876
20160717,97.205741,109.28417109366664
19981201,28.1909,26.50684504166666
20131029,309.71179233333334,271.1917594316668
20130817,163.28822966666667,155.7399329061111
20201025,204.5445833333333,305.1225795833338
19980223,95.26559333333334,100.55365750000001
19981222,22.66285833333333,25.104372034722218
20060921,101.45438466666668,99.8151589722223
19980509,25.395576666666667,24.072686555555553
19961230,23.808333333333334,30.63100520833336
20020516,43.31271366666667,41.56901366666667
20191101,196.18501466666663,186.8358896913889
20080528,65.76380166666667,71.84176798015878
20070820,66.52268066666666,73.65247508333334
20121018,198.6862563333333,212.3073856871111
20030409,84.343599,82.2880357777778
20130909,134.87528566666666,115.8797634241668
20020123,42.79560966666667,47.57381794047619
20040615,52.833018,50.139726361111116
20200120,418.56666666666666,398.9494579861107
19951109,11.451625,14.464457291666676
19960417,3.252083333333333,2.730464166666664
20170408,132.47529866666667,105.64640834144447
20100918,106.91243766666666,107.36716691294448
20120518,48.13748933333333,50.44346841288095
20070914,73.34751333333332,75.73802922222221
20170805,64.763993,75.06853164861108
20100802,68.16705366666666,69.77864249955557
20190322,250.76331466666667,262.0696785595555
20091011,199.1091683333333,189.0736648411904
20190420,123.89042833333332,128.84903191305557
20150424,163.601968,151.12796213777784
20180916,76.80495533333334,93.93255873030692
19970110,19.017936666666667,19.220604513888905
20160318,874.2436036666668,875.7413287783337
20171211,91.10220366666664,84.16897871100399
20050423,69.135036,64.14390141666675
20140423,454.16356966666666,472.4154980853337
20070118,90.97023466666668,93.08926835763891
20041122,64.03616633333333,64.0919174375
20160613,181.784918,154.64954201952386
20031127,63.979826333333335,64.99124744444447
20041129,68.43199966666667,65.9647930277778
20130815,134.77656266666668,155.7399329061111
20150717,236.32088166666668,233.28258642690489
20100217,244.7822183333333,255.66253494366666
19971213,122.58033333333331,118.38670419444443
20020801,46.41990333333334,47.52599591666663
19971105,124.81061666666666,101.03858150951382
20130623,153.86052933333335,186.25134562985707
20210411,135.39,148.62707791666668
20071017,73.33485366666666,83.92029911805555
20010825,36.906879,42.84045623958334
20041022,75.20733166666666,74.9909481904762
20050130,85.73807966666668,80.88041288095243
19980514,26.16516,25.71692527083334
20151029,800.7798193333333,794.5119560422213
20100709,81.05960966666667,88.72407430809531
20020321,62.41544733333333,59.87286707043648
20180424,134.71423866666666,108.3626761555555
20210202,279.7058333333334,251.67860000000007
20200516,460.64208333333335,410.1056680555549
20180721,76.889811,88.04599290955548
20210322,127.39666666666666,135.40296761904773
20051001,69.74124833333333,68.43508087301595
19950817,1.81325,11.756259509259264
20130105,178.161163,185.12338336749986
20060826,71.12194666666667,66.04162476636904
20070528,71.72686566666665,64.43066705555552
20001227,62.475433,63.476801333333405
20171220,101.45335866666666,97.32165266130951
20050410,70.01170266666666,73.25987737698415
19960312,3.483791666666667,3.080936322916668
20190618,126.87867533333332,90.83408567896298
20090418,74.19038833333333,82.23355511226859
20040715,56.77263233333333,53.95286417857144
19960109,30.70833333333333,23.886745854018923
20200313,313.7441666666667,342.6236444444446
20091030,158.03987666666666,159.5708706103255
20160626,125.21563366666668,143.82149807571156
20000528,37.133599,36.92785525000003
20110827,81.07158933333334,84.21270549477781
20170925,112.21035833333332,118.028457238889
20120816,155.59141333333332,149.9984087691113
20010921,49.97028533333333,46.09519745833335
19970118,21.05627,23.220414275793654
19960930,20.25,20.512073829365082
20051124,59.27903366666667,57.8892480198413
20060420,45.29692233333333,47.33998690277782
20070301,105.55546333333332,100.95965298611117
20190725,124.38087733333332,119.01266405384924
20031023,53.973572,54.082270298611085
20010315,82.50874133333333,77.26865532738104
20050223,71.60337233333333,73.23063952083339
20161104,175.8954336666667,178.23140417466686
19960612,2.316,2.0738178611111104
19960305,7.885708333333333,5.749066666666671
20100227,227.079656,215.1070862019444
20201123,209.84958333333336,223.83318083333336
20090905,120.52575866666666,128.6617873166666
20130505,164.93375233333333,163.88052644133322
19990201,26.95740166666667,26.23242451388886
19960821,4.331916666666666,4.0300877738095195
19980511,23.609993333333332,25.400396520833336
20051104,58.95890866666667,60.46734086507936
19980530,18.76266,23.854540785714303
20071120,62.29621333333333,65.74092562499999
20160908,211.2075793333333,234.47598589316692
20060404,70.27100566666667,66.7259168819444
20001004,69.85271566666667,59.73206958333335
20130114,192.11613,187.30319127342867
19951123,36.75,38.03170944444442
20180117,120.936774,122.58470889461913
20191017,370.2734423333333,394.48198056783343
20150818,180.850332,188.68807567704778
20040414,76.97958799999999,74.15706733928572
20060208,60.439258333333335,60.143522361111124
20201208,123.52500000000002,132.60575444444441
20131218,193.1047573333333,181.38539786019047
19990330,20.76628,19.338286420634912
20071216,95.45085433333333,95.3860574444445
20201004,113.06374999999998,145.57923229166667
19980715,15.71233,16.575916660714284
19990921,32.69121333333334,31.739694999999955
20050306,75.53613,74.47511816369045
20200519,397.3941666666667,387.71089583333304
19960507,3.1265,2.4007155555555575
20061108,99.73904033333332,96.79468889583339
19991024,31.20362,31.58873922619052
20071023,67.07277033333334,67.75356838888884
20001002,39.653299,55.99884312499995
20081112,121.151752,123.21668349999999
19970518,38.383721666666666,37.343661000000004
19960731,2.09825,2.58284758333333
20050316,67.752505,65.0322662500001
20160305,867.6548120000001,856.5199511666676
20060107,79.215713,80.95080337103168
20030720,71.92701066666667,72.31643969444454
20150408,187.82554266666668,184.61135161895226
20040127,66.93983266666666,63.926228500000086
20070508,78.93082399999999,79.5505893333333
19960126,14.417375,15.979381386904775
20030226,69.14710466666666,70.41805195833341
20161103,183.47662166666663,178.23140417466686
20040520,73.77814766666667,74.80488779166669
20161013,197.30255666666665,186.00430402136897
20010323,59.504533,57.45699076388887
20030904,67.22036133333333,68.89643872222223
20090409,76.023555,88.48354208333345
20170213,188.03700533333333,151.30401339638888
20120201,42.79800733333334,45.49581723947617
20021208,67.738991,68.36926391666668
19990528,25.34641,27.273887181547625
20181228,295.847836,278.0617929926665
20051225,77.133968,94.22436549999999
20200318,361.45166666666665,313.4577454712302
20200109,293.5720833333333,256.9485244444446
20001031,49.690924,36.24893688492065
20190620,118.878202,124.03708334436509
20060620,61.64665300000001,60.43763945833329
20110508,40.57792366666666,62.911129183888846
20171214,83.61715533333334,80.20537834033333
20130502,153.99255533333334,156.09604754800006
19960903,2.645833333333333,3.867662499999998
20190524,116.777221,129.50180652333356
20171213,89.10845466666666,84.16897871100399
20010614,43.05948633333333,45.43445408085317
19990402,19.963585000000005,22.07392354166668
20200830,151.10833333333335,152.23913659226184
20130317,128.55511266666667,141.94068530166672
20140601,421.5177933333334,395.6616957039842
20030914,61.27036133333333,62.40206711309529
20091109,136.21229466666668,139.058010361111
20180803,84.64013666666666,86.211232065
20080225,90.595288,92.45176116666674
19980313,95.33456,95.94902973611107
20070906,78.45943,73.83522339351855
20060920,97.017968,99.8151589722223
20041107,67.79829133333332,67.99027640277787
20120522,47.28052066666667,40.42128438316665
20120916,169.59265266666665,163.6128034811109
20030907,61.05811133333333,73.0113671230158
20160315,883.4118119999999,883.138345986667
20111022,64.324591,60.08863086105154
19980617,20.315573333333333,18.656649166666686
20160726,130.24791333333334,131.82816440478564
20020325,44.474197333333336,44.716222166666654
20120210,44.41312366666667,46.584649819555516
19980625,17.398073333333333,17.289104444444447
20171217,77.15715533333334,81.20938368730953
20050815,89.06270066666667,92.57275420833328
20120206,49.56730100000001,48.87673412680956
20180805,73.28355666666667,86.211232065
20111116,83.23480666666667,75.79846751261123
20051025,77.51358166666667,90.4559825138889
20150224,183.4622763333333,190.3676389947224
20160901,175.39449933333333,176.89364964833337
20111003,87.95865833333333,94.27474305833339
20200920,136.92541666666668,156.96898531746035
20130913,157.30021366666668,146.83455036809528
20200917,138.18375,158.21158166666683
19970812,43.064330000000005,43.76551031944446
20030114,66.19098433333333,67.03757598809526
19990612,28.91896166666667,27.539066122023822
20200119,325.1583333333333,398.9494579861107
20091224,122.72966966666668,169.93967188111105
19981114,21.72529,22.479408432539685
20191116,161.4419793333333,185.97753848371406
20200505,289.32666666666665,303.24731369047606
19950819,1.1018333333333332,1.8664503506944448
20080704,56.01957766666666,53.042376694444464
20040212,72.70512466666666,69.67713855555567
20141203,195.524181,210.71438181501588
20171103,144.78157000000002,136.47148819705558
19961004,13.9375,13.781779666666672
20071004,96.26835366666668,97.26655070138887
20160220,868.2497003333333,864.21933991111
20170308,128.69203433333334,136.4769208148333
20020218,54.9488,52.09516427579367
19960614,2.645833333333333,2.0783086944444435
19990331,20.40261333333333,19.338286420634912
20200817,170.86333333333334,154.0901708333333
19980409,57.32086833333333,65.96089088888888
20210324,128.26916666666668,136.13759111111125
20050307,72.49029666666667,68.16080677083333
20000828,51.81889133333333,45.97793869444442
20041226,71.47290566666668,69.71347355687831
20060816,64.754655,67.14356388888888
20070619,78.24866166666668,85.57011488095245
19980423,44.06799333333333,40.48872523611116
19950725,1.149166666666667,2.6045314311594194
20060414,45.31775566666666,42.01612933333333
20010707,40.760852666666665,41.30327054861106
20040303,78.95166466666667,78.21894855555557
20140115,149.88137133333333,150.69682781244467
20010511,53.56062533333333,53.00631249999999
19960422,3.687416666666667,3.933196725198414
20030327,78.56644333333332,78.36542917162701
20120629,100.13379633333334,91.10762498746035
20130527,112.62520866666668,101.2621445945476
20060120,79.39862966666666,73.61214375
20110627,40.934074,45.71762207999999
20170726,72.215283,71.31975403950665
20140613,396.8793316666667,419.5511501476669
19991022,32.055745,32.22886333994709
20190324,184.47960166666667,213.2097058737778
19960211,5.179833333333334,9.598927555555564
20110815,96.05644333333332,105.69211072261105
20180914,83.58057566666668,87.99556080512035
20121104,194.4741693333333,176.02494797955544
19990303,23.33403,23.584249166666673
19991223,33.259953333333335,30.40300741134752
20010610,48.18448633333333,41.22547296626982
20180824,114.17972866666666,110.74245297027777
19960615,2.841708333333333,1.6237610416666675
20070320,104.59867166666668,100.44184895833334
20140102,148.83819066666666,155.64274222319062
20150628,92.72833133333334,157.9023535565555
20070708,65.81818166666666,71.27100619047627
19980926,22.87069166666667,22.602352187830693
20080521,102.48034333333334,112.44381874999985
20200110,307.4925,267.5574653472224
20200822,149.34708333333333,149.5695264087302
20150131,166.82963766666666,180.04063998666658
20201206,121.15916666666668,115.83870684523812
20160522,140.61185266666666,151.10436579533322
20010609,47.37615300000001,40.95468633333331
20090326,91.94655366666666,91.21358493154752
20130925,162.85100366666666,149.36008112933337
20190721,124.162494,116.01161933914278
20090605,165.72373100000002,159.12238308333332
20140503,422.742335,426.7358906883335
20190101,295.30676566666665,349.7914798721665
20120323,104.286873,99.57641727007942
19990914,32.77454666666667,32.23086074603175
20180221,158.38054866666667,136.10789490699975
20010906,58.898868666666665,53.76188525694448
20011019,45.389105,46.898735934523785
19950928,11.451625,11.749711333333323
20111128,74.33784100000001,66.13560807361115
20200205,405.315,405.59206833333343
20170106,127.89397066666668,93.3296342964206
20000415,39.56720466666666,42.73995477777782
20031123,67.96732633333333,67.86744591666665
20070902,61.29042999999999,70.22709406944438
19960218,4.308333333333334,6.277740173611112
20200531,314.4141666666667,430.8328603968257
20131205,152.73425733333332,181.68955570705563
20110503,49.89489699999999,62.92555482933332
20091106,129.358003,140.39672797619053
20201121,159.83666666666667,147.50219506944453
20050929,74.65727533333333,79.02457533333333
20160115,693.8068243333333,599.3368628422221
20051214,83.42605133333333,79.5071737361111
20050303,69.52779666666667,74.3854568095238
20021216,65.596491,64.5422359702381
20000412,54.21774633333333,50.83458799999995
20160503,145.847248,153.62168802416673
19970103,21.348311666666664,18.323031111111124
19980110,131.59542,136.81208249748823
19971101,138.48145,101.03858150951382
20120403,69.11357233333334,61.868435701666584
20160227,868.736911,865.5693385585555
19971031,154.49731999999997,148.2178118448414
20130223,158.07733733333333,150.012020848889
20181210,151.228851,121.92698756499996
20011026,42.805688333333336,48.685126198412696
19970429,23.406895,18.16814022222222
19970303,24.44627333333333,22.02940569444446
20121009,192.520942,228.44168478933355
19970324,17.52389833333333,22.007061527777797
20060228,88.830925,92.32697875000007
19971231,124.289375,121.57833552777764
19990129,20.57333333333333,23.623446416666656
20080124,104.73947733333334,100.50905719444448
20190422,173.41398433333333,122.78242599516666
20070724,91.14318166666668,90.0847569444445
20060612,51.04394466666667,43.568993902777784
20201107,209.455,216.40680208333342
19950812,30.71075,26.263803124999978
20161205,77.35425833333333,106.88480089444452
20080601,76.12065666666668,83.62579546031749
20060807,46.75219666666667,63.93430724999999
20120410,48.155486,46.00268746781744
20070402,98.285386,96.22743281746021
20011010,45.97527166666666,47.042715083333334
20090622,127.018356,115.20954227777769
20060731,64.45236799999999,45.82659074305556
20011028,37.534855,48.53687497619048
19980322,94.46706,95.7601108025794
20041108,65.66079133333334,67.99027640277787
19951112,7.483416666666667,10.43410833333333
19960716,1.7857916666666664,1.2600378541666681
20181022,115.03097333333334,102.43964119851061
20011210,39.72591066666667,34.459296174603175
20050105,79.11266300000001,77.32515397222234
20040915,56.98922833333333,57.05454777777778
20150822,158.54330833333333,183.93024317490875
20110315,86.81219166666666,86.37524682572223
20210125,246.6533333333333,223.7831668650793
20010201,89.89580566666666,79.7777218571427
20060429,46.748589,60.9681879814814
20000519,37.784724,37.61767747222217
19950927,11.722166666666666,11.749711333333323
20210307,173.43333333333337,188.0746444444445
20200104,211.9416666666667,229.33789166666676
20170701,66.08043266666665,64.97524104427777
20160120,542.3937906666666,550.0685395322222
19971109,135.38078333333334,125.21161035763886
20031222,55.750667,51.89755622619045
19980526,27.98624333333333,24.475630524801588
20150928,966.363868,939.3462563430004
20020529,42.01675533333333,33.54689533333331
19970507,32.20618,40.55694657738097
20150830,150.99968399999997,153.76765604711107
20040223,75.33595799999999,74.69004337499999
20010114,61.052589000000005,62.444065099702385
19960721,1.27725,1.7917736111111113
20120927,216.51507466666664,247.92347581273796
20110811,101.688281,110.05781371077778
20000107,38.493121333333335,33.51212133333328
20200731,117.4575,142.06941388888887
20200324,361.9783333333333,345.3144496428575
20020309,50.35715566666666,49.21835423809525
20151118,822.3408113333334,821.9543562411827
20080211,124.45570466666668,121.08012800000004
20120918,214.991117,174.12065269861085
20130822,123.407384,131.48321663292066
20031103,58.75515966666666,60.28123069791672
19970701,42.96747666666666,43.650600110119065
19980109,129.88575333333333,135.9747924734888
20040911,49.03818666666666,50.62193501388888
20050317,72.690005,65.0322662500001
20021111,48.98523733333334,49.831024138888864
19950808,6.65,9.025856083333332
20150317,234.54684466666663,223.5381153035
20180608,75.17287066666667,69.23517652833337
20141225,142.72206400000002,163.05703748433328
20200618,265.115,287.05713357142855
20100620,72.75574333333333,88.19828858394442
20121019,192.38612766666668,191.69864849333334
20001221,57.55376633333333,53.3488833472222
20120218,81.81012433333333,81.21064865853967
20130209,197.88672900000003,210.36882748519855
20040402,74.330088,79.91173404166672
20050614,59.617511666666665,46.25908805059524
20110628,63.93893933333333,45.71762207999999
20030830,58.27551,64.43644152777773
20050117,82.870788,87.55200411111113
20020119,38.23310966666667,40.20428048958332
20130309,174.7743,164.2988950861112
19960926,22.416666666666668,23.686529285714272
20031031,60.936613666666666,59.169087465277805
20130421,233.334364,357.4749447299998
20140226,177.602795,167.48145075642466
20050119,78.605913,79.98817768253967
20180416,121.55564366666668,122.05842704055574
20110907,103.573003,103.05339165659524
20100624,95.03022333333332,105.79078782222216
20110216,93.6273,98.56532247224604
19980214,185.96080166666664,162.7967285972222
20120110,57.31883933333333,49.78232232109522
20130723,219.069909,237.98816568499996
20100811,78.49123333333334,84.54925906888897
20010709,41.698352666666665,41.30327054861106
20041121,59.327458,64.34953369444446
20200526,463.0233333333333,388.92746986111104
19960524,1.2837083333333337,1.2790583948412715
20000608,42.50091666666667,41.51123499999997
20130805,165.06645533333335,182.71489911091257
19970315,28.418106666666663,27.995146513888873
20060706,61.37482633333334,59.89682040476191
20190404,229.29441066666664,227.00783628555524
19990409,22.893126666666664,25.10918437499999
20010701,38.844186,39.6808738025794
20090126,130.63456433333332,129.53516016666666
20181130,98.840966,102.35222244546034
20101004,140.91738933333332,119.75479383000001
20141127,159.085373,155.43772762552376
19980914,18.924066666666665,23.9974491984127
20160628,124.364959,129.40481898721944
20050628,64.988345,65.7929440277778
20041002,70.94566499999999,72.88303750000004
20110116,79.07041633333334,77.77770198527777
19981127,22.78512333333333,25.519913472222253
20060125,78.34050466666666,78.76429383333328
20110819,65.79334366666667,76.46936307111116
20170324,126.37506233333332,111.30640038000014
19981120,24.75179,24.414567319444437
20170110,131.841094,121.0464815037856
20191104,204.610488,196.66027354277773
20140527,383.4059803333333,420.0349085591671
19970719,29.00914333333333,24.79701798611112
20031113,64.91765966666667,63.56092827777782
20020811,43.386945,45.361493138888946
20100404,217.98195666666663,209.74125888611096
20021218,63.16732433333333,64.19335326190475
20000729,49.68224833333333,38.85099
20061116,72.71624866666666,72.98645483333337
20000114,36.66812133333333,34.684388000000006
19990131,20.324166666666667,22.12340241666665
20210122,210.5275,193.27040956349208
19950728,0.4997916666666667,0.865430130456349
20120804,140.74525233333335,125.44193410994438
20141030,200.71997833333333,182.2118727694763
20081203,105.66213333333332,99.54900255555556
20191111,295.22820466666667,273.93131487661105
20200715,148.695,144.36868416666658
20140606,473.162118,430.87074314253584
19960306,6.425541666666667,5.557884305555558
19980130,131.918045,134.58170460863087
20130724,243.962405,237.98816568499996
20040702,48.531174,50.60513213888891
20140310,135.607352,141.35181687200003
20030421,78.921099,79.50712119907412
20081129,46.812502,62.14932037499993
20080125,103.69281066666667,100.50905719444448
20191213,382.9811423333333,356.6890644555554
20001218,54.387933,52.32966680555556
20210228,231.53958333333333,271.34367898809506
20040426,63.808713,67.5270472592593
20100725,74.99039,72.89655675022215
20011213,43.479869,40.777351888888894
20170810,68.297866,67.25182112299998
20090427,113.81834666666668,111.40498562499988
20140610,364.51335166666667,440.76581494892605
20000604,36.31975,36.85828499999998
20190222,376.925401,360.82475879461924
20030210,72.98002133333334,75.795398875
20121219,205.32178866666663,197.2756997283335
20161027,237.972507,219.3025582796112
20121211,176.72980066666665,184.2324882841666
20180404,138.79035100000002,138.57911415022215
20101016,145.53114966666666,138.8681851026667
20191208,266.7238536666667,278.7035039082223
20100509,146.71042233333336,162.51359778166673
20050804,83.498159,75.12401827083329
20010627,40.813653,45.513568972222245
20020417,57.91405699999999,49.39778519444446
20140227,167.718571,161.52669426836914
19980913,18.606816666666663,24.32336362896826
20160601,137.33699299999998,155.41764395727003
20011214,44.117369,41.5449346597222
20121115,181.64480233333333,168.37409272899995
20150725,160.52052966666668,194.62401041766668
20181230,325.2591893333333,299.1586033576664
20020619,36.37649133333333,37.107679583333294
20210129,220.7125,234.8118912500001
20150402,173.404642,184.64704701222206
20190429,154.69992833333333,135.02774555361103
20160824,309.618542,284.9867183616669
19960330,3.045833333333334,2.475940148809524
20090405,76.94047166666667,84.68008902777778
20070207,106.18197833333332,108.9827025753968
20120309,139.59575533333333,141.02375150155575
20061114,100.03374866666668,90.89608622222218
20160203,447.1119046666667,455.83708202255576
20180708,72.14500333333334,85.49213442283332
20110629,56.412311,45.71762207999999
20060629,64.636778,63.5300458333334
20180113,131.555605,134.28517769333325
20030104,63.537651,63.08847183333326
20200825,146.2275,146.44013333333348
20010517,45.77637533333333,51.534677666666674
20110110,66.13810133333332,72.90314149605291
20180609,76.467779,69.23517652833337
19970111,22.72627,19.650913097222226
20150831,193.9813623333333,153.76765604711107
20191004,362.4956056666667,392.4206361368331
20180317,186.042369,202.2486548843889
20021014,64.02832033333333,61.6028759814815
20010615,43.00115300000001,42.72287725694448
20170626,68.11741433333333,66.82630305890869
19990816,30.576466666666665,31.36158658730159
20020822,46.00507,45.24966771329365
20010713,38.91501933333333,40.676254888888906
20050531,68.47307366666666,69.98040699999996
20171122,109.31732166666666,107.71845033768524
19960416,3.9155416666666665,2.730464166666664
19970114,19.81377,20.090859942460316
20050502,70.03099033333332,70.1515467083334
20190529,125.18578366666668,131.30249414055552
20010120,66.27758899999999,82.4629475277778
20090812,132.67231733333332,124.48099789138885
20000116,32.284788,34.243625499999965
20060729,49.26690966666666,58.878566256944424
20190331,204.96679200000003,216.57852077333362
20141019,187.00488166666665,196.47662744583354
20110311,79.50793366666666,80.46496785188904
20040611,60.63630966666667,52.83242668055548
19980717,16.25974666666667,16.575916660714284
19990114,24.093491666666665,25.822355664682537
20050319,72.08196333333333,70.55521333333334
19961026,4.095125,3.4024913263888896
20051010,78.97208166666667,75.69696307936506
20160223,758.0199406666667,856.6574969992067
20080321,80.81023833333334,85.56498769841274
20141219,155.50878066666667,151.35543175672228
20060516,59.924873,56.77178262301585
20190225,361.728692,353.78168869200005
20141008,261.5966143333333,241.82874633222204
20130611,131.84404433333333,148.00591823222226
20100810,72.02938033333334,66.0685660671111
20110418,55.73655399999999,48.68731713655555
20110826,81.78967833333333,84.04601335491535
20060304,86.41453633333333,86.21907619841274
20070521,73.823324,76.2400855208333
20060109,82.11154633333332,80.95080337103168
20180930,132.29397233333333,142.93851449312305
20130413,259.43022433333334,255.78814831146835
20070105,71.76185966666667,66.56386452777768
20180718,88.80979400000001,76.21852936633331
19990728,29.26430666666667,29.76540388888887
20010116,78.687964,80.19909771428584
20010621,40.079653,41.22420102083334
20080612,74.46265666666667,79.77294134722219
19960502,2.047333333333333,1.5245296369047614
20210426,188.3258333333333,177.6748320734127
19960229,18.891666666666666,6.791880833333331
20190224,322.590892,353.78168869200005
20061002,148.82925533333332,158.88393194444453
19980319,91.941685,95.87065630257943
20070510,72.104574,78.90356142658729
20120425,69.14887933333333,83.06956764511102
20000511,38.88889066666666,38.5910950486111
20110812,115.56029833333334,110.05781371077778
20171222,114.05560933333334,100.55082134714284
20020730,48.13778333333334,45.637257180555515
20081017,61.709134,72.99407917361114
20020318,65.74653066666667,63.809073505952384
20021022,65.21090366666667,65.14035391468252
19970716,24.90081,24.758382562326396
20000619,41.928041666666665,43.566150004166694
19990419,24.23071,25.225073166666675
20170909,124.23456433333332,136.7323987346905
19950814,33.19025,24.92044120370368
20120731,120.924319,129.56544034396805
20140320,135.28799733333332,142.99696925227775
20090125,115.309981,127.80098475000004
20091124,160.32071133333332,175.15180441944437
20020927,53.63550533333333,53.65982354761904
20011217,41.87986900000001,39.95408920833327
20180907,73.43868433333334,74.41582018127774
20091027,148.36266833333332,160.23616015476992
20120226,102.66835733333336,113.05163053466269
20150307,206.1538943333333,205.9394913473612
19990214,24.593860000000003,25.876865506222938
20121022,164.53175366666667,171.8345837516668
20131107,229.56075933333327,188.30592499150004
20170223,197.545605,190.5432673733333
20060527,47.341956333333336,45.817827943452365
20130107,174.93546733333335,166.5500250589844
20000421,29.844121333333334,39.61205636309526
20040304,77.95666466666667,78.21894855555557
20060603,47.16494466666666,50.145123833333344
20160920,160.98148733333335,140.698426653
20080222,77.55257966666667,88.53902571494707
20200229,281.87125,327.4918488095238
20080330,93.840655,98.65691829563491
20051022,86.57874833333334,87.34657465476192
20130818,137.61875333333333,151.10478319177776
20180712,71.994283,91.7677348273889
20150612,206.4686663333333,190.33924168999994
19991026,33.420078333333336,32.12121340277783
20090827,122.197247,127.11296066888897
20090722,133.95960866666667,141.8440358611112
20031115,62.24232633333333,62.55680800000004
20050825,82.70578400000001,92.42052893750004
20060331,50.31078633333333,53.68994153075398
20191227,331.9184046666667,268.8886155844446
20010313,83.05882466666667,70.51959386805547
20091218,221.375753,241.55370394241447
20190313,255.44265433333337,278.11377274350014
20171113,143.60680766666667,144.52744551852385
20150120,170.53810933333332,179.2362907131668
19990710,26.187265,28.109011324404754
19981125,27.95270666666667,24.254653000000012
20021019,66.00382033333334,65.01900974801585
20030214,62.169188,70.66334175000006
20090617,102.22668933333334,102.89965974999996
20090917,190.2549253333333,190.12383143650783
20140122,159.10240666666667,162.59282974388896
20000515,36.15951566666666,40.103329194444456
20061121,66.96799866666667,59.929884180555526
20090101,161.92481433333333,136.08806051785726
20121028,137.97551533333333,157.1854592871432
20071110,49.26471333333333,63.48909502777782
20080728,89.57345266666668,66.81202988888892
20030425,73.637349,76.5957195555555
20030717,72.10151066666667,71.84277649999986
20010523,47.77637533333333,43.52877918948412
20160724,135.569081,132.813480770738
20091127,202.157753,171.90066748111116
20180112,133.43789366666667,134.28517769333325
20020322,60.269655666666665,58.249213583333294
20120917,193.42635,163.6128034811109
20031130,62.865659666666666,64.99124744444447
20190817,133.774525,152.21509822944435
20081122,73.45871033333334,97.60250257936514
19971211,133.76816666666667,118.38670419444443
20120512,39.49249566666666,44.36185596863495
19980401,84.43511833333334,71.7321158412698
20101118,73.58043500000001,78.53134373710319
20170216,168.755597,175.3233046617223
20040203,58.550958,61.564717166666725
19950920,14.25,10.98511659722222
20160423,180.76365866666663,207.8627312482541
20070428,88.94080266666667,86.97598044444445
20021030,55.14132033333333,60.99479652380949
20090911,179.21325866666666,182.24170717261902
20030325,78.24936,78.35152064153439
20131204,168.59210433333334,181.68955570705563
20050805,90.15224233333332,75.12401827083329
20100523,148.251083,147.58445599461086
20080318,85.56865499999999,81.76166656746031
20001201,68.03376633333333,47.56483878472223
20090709,114.02748366666668,118.6475802638889
20050413,65.70024433333333,69.50361811309521
20110901,117.84721233333332,92.80660370698425
20161025,227.891745,222.49782403666674
20150325,204.93294533333332,166.0425201399999
20190125,326.92688100000004,251.98699670658368
20030211,72.06377133333334,72.83893377083339
20040114,52.53983266666666,48.46356218055552
20100730,77.000544,84.03760940608728
20200515,443.6325,410.1056680555549
20170704,66.11115466666666,64.97524104427777
20150405,187.373078,181.95637881266666
19990407,24.518543333333337,25.10918437499999
20170102,86.26899299999998,87.23034134021422
20170204,130.60184533333333,101.46204338000005
20090819,115.29989033333334,117.91893885444436
19971123,123.8872,129.8110444444444
20150223,182.893109,190.3676389947224
20180415,102.41385066666663,122.05842704055574
20130814,139.71783233333332,163.42262250155565
20110112,66.857778,67.81716211766663
20150527,304.98191966666667,309.43142466444453
20191028,165.923952,179.83387510416665
20180918,96.25733466666668,94.93964331682544
20170702,64.67343966666668,64.97524104427777
20071106,65.90154666666666,50.1271606683201
20100916,104.414184,105.07755856155562
20050603,63.44667833333333,53.94052625000004
20090621,124.49752266666668,111.63048523611104
19960813,3.7579166666666666,2.287767388888887
20001202,46.62209966666666,47.56483878472223
20050830,86.58811733333334,87.5196439503968
20170314,112.83012533333334,130.34728346337306
20111109,74.02100466666666,69.79418544524997
20110402,84.19830666666667,86.3154147710318
20170504,87.153725,84.66949588666662
20140907,174.194806,184.29846574955553
20110926,92.86842633333332,89.51596478713095
20010320,63.83965800000001,74.3689238690477
20190626,111.49434933333332,99.16198301081359
20181227,269.05710500000004,278.0617929926665
20190320,264.460004,275.431288972476
20030105,63.625151,63.08847183333326
20151110,682.6969463333334,667.2156845153887
20150914,271.0859336666667,231.66663329259922
20050330,75.14196333333334,70.68533298214284
20030719,71.93526066666666,72.31643969444454
20100805,62.301637,67.38575899955552
20090803,128.88997366666666,143.53905633333332
20030608,71.28878,67.9079983611111
19981101,21.85779,24.40624000000002
19960403,3.6,2.8404487500000015
20111026,77.422482,70.23848222485714
20080804,85.47091066666667,65.8561739920635
20160303,867.679062,856.5199511666676
19980220,165.73105166666667,124.33857288194451
20010117,81.85871399999999,80.19909771428584
20000413,53.296913,50.83458799999995
20100131,124.55530866666668,143.60844241666646
20031005,53.94898866666667,54.05715400396831
20120301,134.76387733333334,130.82455292999998
20190609,102.034394,120.19793223153972
19960623,1.291125,1.5010533283730152
20081024,104.651884,94.45261733333331
20030422,79.53901566666666,79.38796288888894
19951219,64.00029166666667,58.38300381944441
20090304,120.62459533333332,110.87786480555556
19961227,27.08333333333333,29.962443680555577
20170519,65.32974333333333,64.11422034238898
20000211,36.387382,39.399259013888894
20160620,250.83553933333332,225.06541685590457
19960225,5.536625,7.610681297619046
20070710,66.10568166666667,70.54623666666676
20180811,109.96938866666666,102.96577688705548
19981129,21.45204,25.519913472222253
20180108,132.06279666666669,133.83043424690482
20131119,175.67329866666668,174.85707456222215
20031106,60.61732633333333,60.63487679811514
20060428,54.93550566666666,60.9681879814814
19981224,20.032775,22.38960706249999
20180515,64.74216566666666,70.09149861416675
20190514,155.030796,179.82850222082527
20031223,55.634542,53.96168797222219
19991205,29.176620000000003,30.274557500000036
20160903,174.82009533333334,186.65764618166676
19960824,5.15,3.393038520833332
20000825,53.152058,57.314737159722235
20010910,47.333910333333336,42.110262816468286
20051031,62.63512333333333,74.24566208333333
20140211,212.91474066666663,188.03473747128564
20050522,63.82724033333333,62.73134259523813
19951129,91.8225,56.612871865079406
20160309,774.1136580000001,853.5441556190483
20100128,142.77843366666667,139.44098608333329
20031025,54.61140533333333,54.082270298611085
20160519,142.33038033333332,136.6798624196389
20180516,65.776432,70.09149861416675
20060719,64.275118,56.98492722916663
20130603,115.957415,137.41611899999978
20190419,158.61461433333332,128.84903191305557
20080209,118.101538,110.7285710694445
20070308,107.05763,105.43322843750006
20140909,185.80921,184.29846574955553
20151007,1847.678736,1863.7965346596652
20170507,73.79266866666667,73.95432951583331
20001113,30.99270333333333,42.538433611111095
20071205,84.098146,80.0135517916667
20070309,98.16679666666666,105.43322843750006
20100307,182.21756366666668,211.26315336183313
20140326,177.42505366666668,168.46054852888895
20010321,58.392658,74.3689238690477
20160406,590.9284596666668,598.4780391909836
19981207,21.19598333333333,21.318964884722217
19981226,23.481566666666662,22.100981631944435
20170330,75.14759333333333,84.46316745833325
20040819,51.814018,52.820589249999976
20030301,70.56186000000001,70.05823618055548
19961013,1.8541666666666667,3.62690213888889
19950804,1.7860416666666667,1.893515086309526
20190220,350.135649,355.4692601057304
19951103,17.83925,13.730187152777773
20130127,181.04808366666668,188.6541312344446
20011216,42.25903566666667,39.95408920833327
20161007,128.00905666666668,128.83894747638882
20030219,67.62210466666666,69.95764779166666
20150521,213.77190933333333,295.4606894308333
19980114,125.99300333333332,123.22640298739869
20090131,132.21414766666666,134.31833787499983
20060616,53.48806966666667,52.62021216666672
20200524,341.17,380.12355805555546
20101223,77.35752733333334,66.32146507111109
20180223,143.68737333333334,141.6683096724999
20031116,61.50482633333333,62.55680800000004
19991007,32.941245,31.862448458333326
20050927,73.31560866666666,79.02457533333333
20060829,73.75823833333334,68.91198653819455
19951121,34.39791666666667,22.597461291666683
20040827,53.51818466666666,50.609627444444484
19980115,122.851045,127.06629596527785
20050923,83.28973366666666,79.23940713888882
19970212,22.093633333333333,27.69357855555553
19960906,4.025916666666666,4.044465277777775
20120630,81.41594066666666,91.10762498746035
19980211,194.86434333333327,165.8687941180555
20121012,200.9459853333333,206.40054707688904
20010829,38.638129,37.98565637500005
20120318,129.767938,129.7647706339208
20121228,158.14469166666666,160.60576856466676
20020131,44.06227633333333,44.66837692361111
20000521,30.52093233333333,37.61767747222217
20040327,71.35874799999999,68.27498515972219
19980818,21.176068333333333,18.60872405059523
20121113,183.2454776666667,171.7101707547302
20051018,87.23862333333334,95.30005887053571
20141117,162.51498166666667,157.54400046666652
20020523,34.16271366666667,34.73791977777774
20100825,105.268263,95.96358250252382
20170722,65.68087733333333,77.79629444691275
20010810,35.94854566666667,37.896519972222215
20140901,187.8503413333333,221.797146979
20070502,84.91374066666667,81.21442962896838
20071001,81.825187,93.01654443055556
20020707,37.58411666666667,38.505777083333314
20150823,141.496392,193.88809801888888
20130919,154.16330166666668,140.3027502033335
20190405,240.018307,227.00783628555524
20180702,68.64851833333334,72.26075271977766
20200813,182.2025,193.44881347222213
20070424,92.269511,87.825340875
20141217,170.300779,167.6041160429047
20120217,81.01223900000001,78.95315362776188
20121123,145.50806933333334,139.6672676215715
19990209,23.75219333333333,24.200533621031763
20030630,63.564780000000006,62.51471886904762
20060928,129.283968,131.93300943849212
19970226,26.02125833333333,25.78053185548943
20190902,204.05924066666668,186.97030083871815
20120213,70.57757,55.00073358733331
20130921,119.155981,140.3027502033335
20151229,404.801407,500.7743076878337
19960610,1.3934583333333332,1.6226225039682538
20041113,66.10262466666666,68.41944536111102
20150228,169.66788599999998,189.22424632722232
20001125,39.27041166666667,43.01677124940478
20181118,101.098398,93.53691660185176
19960907,3.327291666666667,4.705432291666666
20181110,92.98535233333332,94.65767351935712
20130813,141.43410433333335,167.6143625840001
20170315,120.892642,118.24041286472224
20070405,94.01034433333336,97.42837126984125
20050724,74.95757433333334,74.67781266666661
20001222,57.09543299999999,54.185372958333325
20070701,65.92230666666667,77.64386793650804
19951019,6.4517500000000005,8.757926083333324
19971205,129.73758333333333,137.66570883333327
20151019,613.8164350000001,761.641225703968
20190428,124.45233966666667,135.02774555361103
20070204,102.70522833333332,103.2664248611111
20040321,68.47333133333333,72.52019716666666
20150203,181.207749,173.55336849050008
20011228,30.305869,30.395245944444447
19960827,4.837916666666667,4.267561805555559
20070518,79.98878233333333,75.8876522291666
19971020,154.18502833333332,140.26851326388885
20121206,170.60539566666665,175.3852018166667
19961023,4.466,3.5300242951388894
20000723,36.64412333333333,43.495701333333294
20140902,211.791442,221.797146979
20090925,207.4206753333333,204.77747543933313
20031020,53.36153033333333,52.11143085416668
20190731,127.043241,126.00747551627782
20170108,116.34423233333337,112.6521293933729
20090720,131.538942,141.64026975000007
20060411,51.023839,43.71239399999997
20040630,55.502643,44.10932355555558
20110114,64.62721266666667,68.91221659627774
20130522,136.83653566666666,135.2502804046706
20021007,55.663153666666666,57.61398031597225
20050529,70.78557366666666,72.71793199999995
19960423,3.7291666666666665,3.7057408333333344
20121207,180.025289,175.42587720866675
20020531,36.860672,37.01723866666662
20000514,34.009515666666665,38.583691506944426
20071016,84.25072866666666,83.92029911805555
19990712,26.04764,26.10155854166663
20180105,136.40150033333333,138.44699622277778
20020207,53.08305000000001,53.763862361111144
20130217,161.18430066666667,170.65906109661108
20000426,56.742746333333336,45.09582809126985
20200306,410.69583333333327,439.08744583333356
20190819,123.66927333333332,116.43430090750002
20041214,71.20207233333333,64.33075382341264
20180220,141.090882,136.10789490699975
20110208,111.57867,111.04064707466685
20040111,49.35024933333333,48.10918718055553
20170721,73.79165333333333,78.5899325679683
20071119,63.33588,65.74092562499999
20171119,120.51596433333332,114.10953982809534
20100109,151.64993366666667,140.9697840554443
19971018,130.58773666666664,153.67594456051594
19960517,1.5483333333333331,2.101218506944446
20060206,61.768425,63.62862955654765
19980930,26.60744166666667,23.289230723214292
19981021,25.070986666666663,24.657359662698404
20120625,78.773014,75.17991901319046
20141202,191.05650333333332,186.4631883367775
19980618,19.973073333333332,18.42493062500003
20090826,124.102807,132.90319568545644
20170302,168.07206333333332,161.42841378243634
20050520,64.09390699999999,62.17700423412702
20140308,142.84682466666666,141.4837117002778
20110522,46.866933,60.33035568647356
20170214,196.783706,153.92808839638886
20031228,57.18508366666666,55.925428319444435
20050708,67.540491,69.8519552857142
20130326,115.513766,94.78436021144442
20101009,129.31156866666666,149.30537584783326
20071025,66.83527033333333,67.75356838888884
20120807,118.69617466666666,133.74957683754766
19990404,20.00771,22.356442827380956
19970923,214.32173333333333,189.71413215277767
20210227,256.2683333333334,271.34367898809506
20110920,99.39656066666667,95.66075742833334
20040320,72.119998,72.52019716666666
20120622,83.635581,88.03904534708468
20060223,78.38642499999999,86.99112527777783
20020703,38.984116666666665,38.75090833333341
20160131,432.56428,454.12606831136463
20080514,112.06980166666666,100.12601777777778
20210219,270.6666666666667,265.0639516666665
20201028,238.4125,224.56738333333328
19991220,33.73912000000001,31.071776944444455
20190110,330.5230256666667,340.1544822996507
20170306,142.13452533333333,152.87411172212694
20121127,152.140821,175.12485310600013
20071123,62.89138,61.29610883333331
20110127,122.19521166666668,113.49730394833328
20000303,34.18583366666667,35.025324499999975
20070527,65.81915733333334,64.43066705555552
20050719,87.64832433333333,82.04395677083336
20081030,101.930884,92.27739386904763
20121202,155.67369433333332,170.564882035
20030522,63.024902,64.77716665277774
20080314,85.61857166666668,82.88666581944446
20010409,69.86771533333334,64.67441493750007
20101005,131.283896,119.75479383000001
20200418,268.69416666666666,250.81984982142848
20160610,172.56738233333337,171.70563033290478
19960622,2.2335,2.6028526269841272
20161023,212.2463123333333,222.49782403666674
20130608,124.196969,131.9934397833333
20141024,181.160947,177.19559742288897
20200624,227.28583333333333,240.1186089285714
20110712,72.68468533333333,58.98964603072218
20180501,77.58360366666666,80.0949429577699
20000611,34.270583333333335,38.803682496527756
20141021,182.3748513333333,196.47662744583354
20181009,96.132279,102.21641881188896
19990425,20.78346,27.227407604166686
20001129,46.61832833333333,46.99117814583334
20190521,159.96771666666666,143.98372121666677
20161122,139.33007033333334,135.6450092656826
20150604,223.046964,212.72157197669847
19970405,30.662936666666667,31.33560614682542
20140109,161.12289033333334,168.39229634316666
20050715,100.40840766666668,96.7540855833332
20070717,82.78359833333333,76.41869534722224
20101230,79.32558,85.66584430249999
20160614,176.74070966666667,159.27645144785723
20171225,126.282314,120.9747079890556
20110303,92.26109866666668,83.99261878055549
20020205,51.13705,52.74268750000001
20010724,57.281686,38.524730291666685
20140313,144.47411733333334,155.78612477038104
20041211,64.51040566666667,69.28507188888887
20040509,70.93527266666666,74.59261829166665
20080908,77.24657366666666,69.10309481746037
19960604,1.8781666666666668,1.7869279583333315
20111016,44.797394,60.08657576360324
20060622,64.11736133333333,62.818565145833276
20140330,139.69982433333334,150.00684590880155
19970514,32.600388333333335,31.447739383928592
20010624,38.45948633333334,37.63925820833331
19980607,18.27974,18.800254236111126
20110103,82.81269533333334,81.33102400396025
20140121,157.761165,161.29927665005562
20010727,36.78160266666666,39.740436125000016
20010327,57.747908,58.67712443353172
20130407,205.94305133333333,210.0132414078254
20010501,64.55795866666666,64.50435441666662
19980814,20.243818333333333,21.38291572420634
20200214,440.0233333333333,400.18970088624343
20170904,140.795393,137.7869646111112
19980615,17.407656666666668,18.656649166666686
20150128,164.31181966666668,168.2810276099998
20071014,84.15777033333333,88.90098491865075
20190728,106.139469,115.103018899611
20131106,294.17218133333336,274.8069367755
20170808,70.64557433333333,67.6674925867857
20131102,350.4644103333333,359.2969814826671
20080422,119.79749933333332,104.99785101984124
20200221,604.065,549.1442966666662
20010708,39.44001933333333,41.30327054861106
20120531,45.49340166666666,46.063318240999976
20000812,50.02722466666666,42.5267813125
20110526,58.43773099999999,56.60532995106349
20020331,53.16553066666666,50.624744767857145
20191023,228.43074933333327,241.69860293115073
20080530,65.06917666666666,72.28016480555557
19970307,27.35819,29.14501567361112
20060831,80.987155,72.40086153819453
20160801,138.00161966666664,150.73578127477776
20111211,43.421927333333336,55.52784670416665
20140710,155.99354733333334,211.7378288740873
20150523,218.91125866666667,228.86949940288906
19990516,25.03391,24.391907023809523
20190612,124.08559633333331,104.44107977133339
19990601,28.434920000000005,33.22621144444447
20100301,204.5769963333333,196.83267087449974
20050125,73.41320466666667,81.25137191170644
19970730,38.170143333333336,31.333033531746022
20051028,75.43999833333334,74.24566208333333
19990410,23.45666833333333,25.180991601190453
19980205,196.00267666666664,137.943260454365
20100615,84.993695,79.10862763633337
20031211,48.36108366666667,49.88541658333331
20171018,153.34033133333335,130.12949664416664
20181201,88.460955,91.93367434523012
20160720,115.66362,129.9025956506667
20020108,35.494193,34.79778277083336
20040314,70.264998,71.65884723611113
20000929,71.58598500000001,58.232826625000015
19980314,88.96460166666667,95.23677222222221
20181125,98.01229233333332,98.05160923511109
20040707,48.39763233333333,53.01187150000004
20040318,66.91916466666666,69.00875352579362
20190707,106.47122433333334,109.25922839577771
20000730,34.72379,39.122118750000006
20021001,51.14257033333333,54.008620263888915
20070312,106.22721333333334,96.92603125000005
20071127,84.90596333333333,85.66583346296285
20160530,132.26943466666668,148.3734432033928
20191231,274.955101,303.99452401611063
20131001,147.63699433333332,152.91581603209542
19970903,105.86569166666668,107.94126708333332
20181121,92.967385,103.5088215122222
19990505,22.922035000000005,26.523709999999998
20160105,573.1297353333333,511.2897444472224
20001030,47.06759066666667,36.24893688492065
20080725,93.177911,83.95121699107143
20180508,109.93913833333332,81.43953999033333
20050210,79.532039,72.00400286160712
19990324,20.972655,21.06335229166664
20050313,61.052796666666666,59.83445483333343
20030331,82.29936,78.3297825744047
20200517,454.92,410.1056680555549
20120618,87.34966899999999,112.80521473217063
20181221,224.10373933333332,214.56995155788866
19951215,52.15166666666667,53.24734024305553
19960724,1.750625,2.3384449999999988
20010520,44.94970866666667,44.25351519444445
20030209,74.30135466666667,76.08755616666667
20000123,32.32645466666667,35.91139530158732
19960816,9.798833333333333,6.954330416666668
20160629,121.16503533333334,129.40481898721944
20140412,323.161243,339.1668074733334
20151103,796.202451,807.1323548627381
20030306,70.89281833333332,68.31729701388888
20160421,173.14872966666667,167.8191506583333
20050103,84.48807966666668,77.32515397222234
20150129,154.909973,168.2810276099998
20030213,71.99252133333333,72.83893377083339
20060918,112.52005133333334,95.63557550000002
20200605,367.875,352.16828916666674
19960123,15.962666666666664,16.543324727182554
20160930,197.2076473333333,133.4656159040832
20130215,175.98097900000002,170.65906109661108
20031215,53.73145866666667,53.992360611111174
20160404,682.5105239999999,623.8019199335549
20170618,65.90048,66.26114670216668
19990424,22.138793333333336,27.227407604166686
20091003,285.6868766666667,271.6685387410716
20060604,47.05344466666667,50.145123833333344
20190430,151.30074633333334,135.02774555361103
19990426,24.87246,24.76203473759922
20000819,49.152183,46.73378595833336
20140404,285.726101,223.05729247533318
20050425,65.44086933333334,64.14390141666675
20020401,58.40151533333333,61.970251279100474
20120325,95.48512133333334,99.57641727007942
19990829,31.5348,34.726667063492044
20041219,63.118739,65.75215555555546
20190327,246.01575866666667,225.78474641333344
20170219,155.36229666666665,172.30205205418258
20060725,66.71190966666667,57.116618694444476
20140802,340.99005166666666,327.54530187283376
20071220,83.52089600000001,98.61808488888896
20060613,49.803028000000005,43.568993902777784
20030225,71.959188,70.22513258333338
20140203,192.440268,202.83660839876194
19980306,93.11172666666666,96.8387108055555
20160521,146.70607366666664,136.6798624196389
20060722,61.20728466666667,56.84349459722219
20080511,93.95851,99.86552059722221
19951217,31.54179166666667,53.24734024305553
20130613,158.98186333333334,148.00591823222226
20070620,68.69295333333334,85.57011488095245
20081019,55.269384,85.22911589980161
20080410,94.14845766666669,95.84623872376984
20030504,79.37077699999999,78.68079450000006
20171202,80.58196,81.4259161436297
20020727,44.752116666666666,45.52732540972218
20201101,142.21666666666667,197.79493976190486
20080101,68.09843566666666,79.91983941666673
20110128,122.55929333333334,113.49730394833328
20071229,72.44135433333334,70.92228176388896
20090613,103.57152266666668,123.68793265674603
20020323,59.277989,44.716222166666654
20210204,256.17583333333334,273.1160583333335
20081002,101.34155066666666,92.4479792857142
20200426,240.95041666666668,247.63142650297618
20101107,112.89979866666664,116.11777800577784
20090209,146.90672733333332,129.26895766666655
20140817,146.78045266666666,174.74700526861102
20030307,68.64519333333332,71.201293625
20180924,107.916207,111.42225625888895
20061001,149.39746366666665,158.88393194444453
19990731,28.04764,28.386201805555565
20131028,291.92151033333334,271.1917594316668
19980215,215.1945933333333,159.8228286805556
20110325,66.11742466666666,77.15852937071432
20001228,66.96626633333334,63.476801333333405
20100104,123.96293366666669,120.74774301013888
20060526,48.33737300000001,45.36218328621032
20051218,79.18350966666667,81.32533195833335
19980907,24.859066666666667,24.315841597222207
20161001,146.398944,131.16248664861126
20201223,207.365,194.45888180555554
19950902,3.3833333333333333,3.8351415277777834
20130221,159.810466,157.0352482903333
20020926,54.863505333333336,52.65368996626984
20000821,50.52722466666666,46.73378595833336
20050204,79.11120566666666,80.65811697619057
20170329,78.010434,91.52869066388885
20210115,150.00666666666666,150.8200452380953
20100712,79.119207,90.07182262583324
19960514,2.005416666666666,1.8421347361111104
20190822,116.27675733333336,114.48935982627778
20010630,40.58448633333334,45.513568972222245
19981202,30.883233333333333,26.50684504166666
20071020,75.15839533333333,76.85405655555559
20121106,180.8689293333333,174.79617512094435
20040211,72.847208,69.67713855555567
20070329,96.924505,87.64598656944456
20000922,74.216735,71.35565524074083
20040208,69.48429133333333,67.29353383333333
20010125,88.33175566666667,84.07558830555553
20130406,179.98036833333333,180.23230771538095
20140118,159.891977,152.24434332266688
19981211,26.357525,21.881062462301607
20200713,143.68875,129.74491833333335
20130715,225.5999183333333,201.10581479933342
20130731,218.90672633333332,240.90194848055572
19991025,32.77253666666667,31.58873922619052
20080822,78.591369,78.76747013558207
20000814,48.906308,43.78836157539682
19981103,23.56112333333333,26.65992916666669
20210130,221.15416666666667,230.4644270833334
20110731,38.23312133333334,52.413771566166645
19980820,21.289485000000003,20.589115982142843
20130419,341.0952863333334,357.4749447299998
19960112,40.458333333333336,36.590532499999945
20000607,36.342625000000005,41.51123499999997
20110616,76.126022,70.65013540916665
20190411,265.64078233333333,230.23333082466667
19971229,154.53370833333335,125.3071284890873
20120525,54.01649966666667,53.6961322147778
20000401,37.344954666666666,40.000368208333356
20051112,51.26045033333333,51.07129050694444
20120405,43.149114,61.868435701666584
19981231,26.03615,23.39198778769839
20170523,64.89450166666667,65.48276001622222
20120111,56.43269033333333,52.84577640402384
20121031,174.48431000000002,157.1854592871432
19980226,103.284885,99.26913041666668
20060529,46.56695633333334,45.817827943452365
20200911,149.32666666666668,148.37378124999995
20091122,164.79108633333334,154.87826419097217
20080911,85.329157,85.1169884761906
19970105,15.35827,18.323031111111124
20050418,58.44920266666667,64.30299534623015
20040629,48.099018,44.10932355555558
20110602,59.282884333333335,51.70263766288889
20100803,78.73131633333334,67.38575899955552
20151031,800.832986,798.3970622311108
20090629,114.53918933333334,128.21473898611117
19990618,27.01708666666667,27.102667984126978
20000923,65.88619333333334,61.82442936574073
20091020,145.13200433333333,150.02335862420637
19961028,3.768708333333333,2.4500986180555566
20160210,420.6769973333333,430.5969812285343
20090225,129.30168566666666,103.74128004166668
20191021,327.6870543333334,311.5627540211664
20020228,88.54238333333332,59.61189652777781
20141020,198.2563813333333,196.47662744583354
20111214,63.129541,57.82608845631745
20090204,124.189769,125.22839702430552
19981017,23.563486666666662,22.98994233134922
19970426,20.40127,21.184982536706357
20160602,142.203722,155.41764395727003
20170819,110.759941,102.38412535550003
20141106,180.43774033333327,177.99351155557943
20020413,42.88901533333333,45.30219396230157
19960703,1.2231249999999998,1.5990489236111112
20060508,62.46778966666667,60.347143833333355
20200728,148.8375,151.50875875000008
20170605,68.48435166666667,70.01507355811104
20000713,53.12999833333333,47.10390638888895
20140903,276.979009,221.797146979
20040803,54.780518,58.27551508333336
20151204,811.331679,801.8554636286666
20010202,94.87572233333334,79.7777218571427
19960314,2.014,2.901902434027778
20160410,368.4200676666667,480.8696317193651
20061111,91.793332,93.79205574999996
20100517,146.896109,147.45328594822243
20130320,129.03774366666667,115.04804027638087
20130605,132.98666333333333,137.41611899999978
19970109,18.68460333333333,18.991704097222236
20200425,205.34583333333333,237.62650045138886
20070103,64.26560966666666,66.56386452777768
20020807,46.799861666666665,46.706478611111116
20021005,54.51132033333334,54.008620263888915
20130530,87.01967833333333,102.76494708121429
20020408,43.87264033333333,44.48354625000002
20030313,79.19940166666667,77.09110512499993
20111101,63.32564366666667,67.67232746566673
20160325,764.2474786666667,694.1797453333334
